
-- phpMyAdmin SQL Dump
-- version 3.5.2.2
-- http://www.phpmyadmin.net
--
-- Хост: localhost
-- Время создания: Окт 07 2014 г., 07:45
-- Версия сервера: 10.0.12-MariaDB
-- Версия PHP: 5.2.17

SET SQL_MODE="NO_AUTO_VALUE_ON_ZERO";
SET time_zone = "+00:00";


/*!40101 SET @OLD_CHARACTER_SET_CLIENT=@@CHARACTER_SET_CLIENT */;
/*!40101 SET @OLD_CHARACTER_SET_RESULTS=@@CHARACTER_SET_RESULTS */;
/*!40101 SET @OLD_COLLATION_CONNECTION=@@COLLATION_CONNECTION */;
/*!40101 SET NAMES utf8 */;

--
-- База данных: `u631239340_lott`
--

-- --------------------------------------------------------

--
-- Структура таблицы `Admins`
--

CREATE TABLE IF NOT EXISTS `Admins` (
  `Login` varchar(50) NOT NULL DEFAULT '',
  `Password` varchar(32) NOT NULL DEFAULT '',
  `Salt` varchar(13) NOT NULL DEFAULT '',
  `LastLogin` int(11) NOT NULL DEFAULT '0',
  `LastLoginIP` varchar(255) NOT NULL DEFAULT '',
  `Role` enum('ADMIN','MANAGER') NOT NULL DEFAULT 'MANAGER',
  PRIMARY KEY (`Login`)
) ENGINE=MyISAM DEFAULT CHARSET=utf8;

--
-- Дамп данных таблицы `Admins`
--

INSERT INTO `Admins` (`Login`, `Password`, `Salt`, `LastLogin`, `LastLoginIP`, `Role`) VALUES
('rav', '7e43742ba2a5f674b7df938d75e91242', '5404eb6757dd0', 1412664028, '212.90.61.122', 'ADMIN'),
('paha', 'f5b3a6c8cea66a40df28f57e0a443a0d', '542534f8e20c5', 1412581988, '212.90.61.122', 'ADMIN');

-- --------------------------------------------------------

--
-- Структура таблицы `GamesSettings`
--

CREATE TABLE IF NOT EXISTS `GamesSettings` (
  `Id` int(11) NOT NULL AUTO_INCREMENT,
  `StartTime` int(11) NOT NULL DEFAULT '0',
  PRIMARY KEY (`Id`)
) ENGINE=MyISAM  DEFAULT CHARSET=utf8 AUTO_INCREMENT=4 ;

--
-- Дамп данных таблицы `GamesSettings`
--

INSERT INTO `GamesSettings` (`Id`, `StartTime`) VALUES
(1, 24120),
(2, 32400),
(3, 62880);

-- --------------------------------------------------------

--
-- Структура таблицы `Lotteries`
--

CREATE TABLE IF NOT EXISTS `Lotteries` (
  `Id` int(11) NOT NULL AUTO_INCREMENT,
  `Date` int(11) NOT NULL DEFAULT '0',
  `Combination` text,
  `WinnersCount` int(11) NOT NULL DEFAULT '0',
  `MoneyTotal` int(11) NOT NULL DEFAULT '0',
  `PointsTotal` int(11) NOT NULL DEFAULT '0',
  `Ready` tinyint(1) NOT NULL DEFAULT '0',
  PRIMARY KEY (`Id`),
  KEY `idx_Date` (`Date`)
) ENGINE=MyISAM  DEFAULT CHARSET=utf8 AUTO_INCREMENT=97 ;

--
-- Дамп данных таблицы `Lotteries`
--

INSERT INTO `Lotteries` (`Id`, `Date`, `Combination`, `WinnersCount`, `MoneyTotal`, `PointsTotal`, `Ready`) VALUES
(23, 1412207035, 'a:6:{i:0;i:8;i:1;i:20;i:2;i:40;i:3;i:2;i:4;i:13;i:5;i:42;}', 1, 0, 36, 1),
(24, 1412207036, 'a:6:{i:0;i:44;i:1;i:20;i:2;i:17;i:3;i:8;i:4;i:26;i:5;i:28;}', 1, 0, 59, 1),
(25, 1412207036, 'a:6:{i:0;i:10;i:1;i:37;i:2;i:27;i:3;i:47;i:4;i:2;i:5;i:41;}', 1, 0, 12, 1),
(26, 1412207037, 'a:6:{i:0;i:7;i:1;i:46;i:2;i:43;i:3;i:23;i:4;i:36;i:5;i:35;}', 1, 0, 47, 1),
(27, 1412207037, 'a:6:{i:0;i:12;i:1;i:25;i:2;i:16;i:3;i:32;i:4;i:29;i:5;i:10;}', 1, 0, 59, 1),
(28, 1412207038, 'a:6:{i:0;i:36;i:1;i:1;i:2;i:39;i:3;i:17;i:4;i:13;i:5;i:14;}', 1, 0, 59, 1),
(29, 1412207038, 'a:6:{i:0;i:7;i:1;i:47;i:2;i:31;i:3;i:18;i:4;i:2;i:5;i:17;}', 1, 0, 36, 1),
(30, 1412207039, 'a:6:{i:0;i:36;i:1;i:40;i:2;i:34;i:3;i:35;i:4;i:27;i:5;i:44;}', 0, 0, 0, 1),
(31, 1412207039, 'a:6:{i:0;i:42;i:1;i:29;i:2;i:44;i:3;i:45;i:4;i:12;i:5;i:24;}', 1, 0, 24, 1),
(32, 1412207039, 'a:6:{i:0;i:20;i:1;i:49;i:2;i:21;i:3;i:19;i:4;i:30;i:5;i:4;}', 1, 0, 23, 1),
(33, 1412207040, 'a:6:{i:0;i:15;i:1;i:32;i:2;i:6;i:3;i:18;i:4;i:25;i:5;i:23;}', 1, 0, 60, 1),
(34, 1412207040, 'a:6:{i:0;i:2;i:1;i:15;i:2;i:41;i:3;i:24;i:4;i:13;i:5;i:11;}', 1, 0, 47, 1),
(35, 1412207041, 'a:6:{i:0;i:42;i:1;i:44;i:2;i:45;i:3;i:6;i:4;i:20;i:5;i:21;}', 1, 0, 23, 1),
(36, 1412207041, 'a:6:{i:0;i:43;i:1;i:13;i:2;i:25;i:3;i:2;i:4;i:33;i:5;i:4;}', 1, 0, 70, 1),
(37, 1412207042, 'a:6:{i:0;i:13;i:1;i:33;i:2;i:38;i:3;i:12;i:4;i:36;i:5;i:47;}', 1, 0, 81, 1),
(38, 1412207042, 'a:6:{i:0;i:40;i:1;i:9;i:2;i:35;i:3;i:28;i:4;i:26;i:5;i:17;}', 1, 0, 58, 1),
(39, 1412207042, 'a:6:{i:0;i:17;i:1;i:49;i:2;i:40;i:3;i:13;i:4;i:3;i:5;i:2;}', 1, 0, 36, 1),
(40, 1412207043, 'a:6:{i:0;i:28;i:1;i:36;i:2;i:49;i:3;i:44;i:4;i:25;i:5;i:24;}', 1, 0, 23, 1),
(41, 1412207043, 'a:6:{i:0;i:44;i:1;i:2;i:2;i:33;i:3;i:6;i:4;i:29;i:5;i:36;}', 1, 0, 36, 1),
(42, 1412207043, 'a:6:{i:0;i:48;i:1;i:21;i:2;i:45;i:3;i:38;i:4;i:39;i:5;i:10;}', 1, 0, 35, 1),
(43, 1412207043, 'a:6:{i:0;i:1;i:1;i:19;i:2;i:45;i:3;i:7;i:4;i:37;i:5;i:46;}', 1, 0, 36, 1),
(44, 1412207044, 'a:6:{i:0;i:28;i:1;i:13;i:2;i:14;i:3;i:2;i:4;i:18;i:5;i:17;}', 1, 0, 82, 1),
(45, 1412207044, 'a:6:{i:0;i:29;i:1;i:36;i:2;i:15;i:3;i:27;i:4;i:18;i:5;i:14;}', 1, 0, 36, 1),
(46, 1412207044, 'a:6:{i:0;i:20;i:1;i:5;i:2;i:7;i:3;i:36;i:4;i:40;i:5;i:45;}', 1, 0, 12, 1),
(47, 1412207044, 'a:6:{i:0;i:6;i:1;i:7;i:2;i:24;i:3;i:4;i:4;i:33;i:5;i:8;}', 1, 0, 36, 1),
(48, 1412207045, 'a:6:{i:0;i:40;i:1;i:45;i:2;i:36;i:3;i:42;i:4;i:31;i:5;i:22;}', 1, 0, 12, 1),
(49, 1412207045, 'a:6:{i:0;i:8;i:1;i:35;i:2;i:14;i:3;i:1;i:4;i:11;i:5;i:16;}', 1, 0, 47, 1),
(50, 1412207045, 'a:6:{i:0;i:28;i:1;i:7;i:2;i:27;i:3;i:49;i:4;i:21;i:5;i:9;}', 1, 0, 24, 1),
(51, 1412207045, 'a:6:{i:0;i:44;i:1;i:33;i:2;i:21;i:3;i:15;i:4;i:40;i:5;i:14;}', 1, 0, 47, 1),
(52, 1412207046, 'a:6:{i:0;i:6;i:1;i:18;i:2;i:40;i:3;i:35;i:4;i:4;i:5;i:45;}', 1, 0, 24, 1),
(53, 1412207046, 'a:6:{i:0;i:8;i:1;i:28;i:2;i:42;i:3;i:49;i:4;i:31;i:5;i:20;}', 1, 0, 36, 1),
(54, 1412207046, 'a:6:{i:0;i:4;i:1;i:1;i:2;i:2;i:3;i:31;i:4;i:11;i:5;i:20;}', 1, 0, 35, 1),
(55, 1412207046, 'a:6:{i:0;i:10;i:1;i:7;i:2;i:31;i:3;i:5;i:4;i:33;i:5;i:49;}', 1, 0, 36, 1),
(56, 1412207046, 'a:6:{i:0;i:47;i:1;i:1;i:2;i:17;i:3;i:4;i:4;i:41;i:5;i:9;}', 1, 0, 35, 1),
(57, 1412207049, 'a:6:{i:0;i:37;i:1;i:8;i:2;i:13;i:3;i:36;i:4;i:46;i:5;i:3;}', 1, 0, 47, 1),
(58, 1412207298, 'a:6:{i:0;i:18;i:1;i:2;i:2;i:23;i:3;i:12;i:4;i:9;i:5;i:11;}', 1, 0, 70, 1),
(59, 1412207415, 'a:6:{i:0;i:36;i:1;i:6;i:2;i:2;i:3;i:29;i:4;i:46;i:5;i:44;}', 0, 0, 0, 1),
(60, 1412207415, 'a:6:{i:0;i:36;i:1;i:28;i:2;i:4;i:3;i:14;i:4;i:6;i:5;i:21;}', 0, 0, 0, 1),
(61, 1412207416, 'a:6:{i:0;i:36;i:1;i:14;i:2;i:10;i:3;i:20;i:4;i:19;i:5;i:23;}', 0, 0, 0, 1),
(62, 1412207417, 'a:6:{i:0;i:6;i:1;i:44;i:2;i:22;i:3;i:26;i:4;i:9;i:5;i:19;}', 0, 0, 0, 1),
(63, 1412208277, 'a:6:{i:0;i:28;i:1;i:17;i:2;i:38;i:3;i:30;i:4;i:6;i:5;i:35;}', 1, 0, 48, 1),
(64, 1412208302, 'a:6:{i:0;i:38;i:1;i:17;i:2;i:22;i:3;i:6;i:4;i:43;i:5;i:31;}', 0, 0, 0, 1),
(65, 1412208361, 'a:6:{i:0;i:35;i:1;i:32;i:2;i:17;i:3;i:42;i:4;i:15;i:5;i:2;}', 0, 0, 0, 1),
(66, 1412208372, 'a:6:{i:0;i:25;i:1;i:47;i:2;i:1;i:3;i:26;i:4;i:15;i:5;i:41;}', 0, 0, 0, 1),
(67, 1412208421, 'a:6:{i:0;i:45;i:1;i:8;i:2;i:28;i:3;i:2;i:4;i:34;i:5;i:15;}', 1, 0, 48, 1),
(68, 1412213229, 'a:6:{i:0;i:42;i:1;i:35;i:2;i:47;i:3;i:14;i:4;i:30;i:5;i:9;}', 6, 0, 330, 1),
(69, 1412233212, 'a:6:{i:0;i:6;i:1;i:1;i:2;i:10;i:3;i:13;i:4;i:32;i:5;i:23;}', 3, 0, 170, 1),
(70, 1412586047, 'a:6:{i:0;i:30;i:1;i:34;i:2;i:26;i:3;i:17;i:4;i:38;i:5;i:21;}', 12, 0, 350, 1),
(71, 1412590681, 'a:6:{i:0;i:42;i:1;i:45;i:2;i:40;i:3;i:16;i:4;i:17;i:5;i:35;}', 4, 0, 115, 1),
(72, 1412590682, 'a:6:{i:0;i:17;i:1;i:35;i:2;i:25;i:3;i:29;i:4;i:18;i:5;i:11;}', 0, 0, 0, 1),
(73, 1412590686, 'a:6:{i:0;i:7;i:1;i:13;i:2;i:36;i:3;i:3;i:4;i:32;i:5;i:25;}', 0, 0, 0, 1),
(74, 1412590687, 'a:6:{i:0;i:14;i:1;i:15;i:2;i:25;i:3;i:35;i:4;i:46;i:5;i:3;}', 0, 0, 0, 1),
(75, 1412590688, 'a:6:{i:0;i:6;i:1;i:34;i:2;i:18;i:3;i:19;i:4;i:48;i:5;i:44;}', 0, 0, 0, 1),
(76, 1412590712, 'a:6:{i:0;i:17;i:1;i:27;i:2;i:19;i:3;i:4;i:4;i:6;i:5;i:7;}', 0, 0, 0, 1),
(77, 1412590714, 'a:6:{i:0;i:7;i:1;i:46;i:2;i:22;i:3;i:36;i:4;i:2;i:5;i:43;}', 0, 0, 0, 1),
(78, 1412590720, 'a:6:{i:0;i:10;i:1;i:4;i:2;i:35;i:3;i:37;i:4;i:12;i:5;i:29;}', 0, 0, 0, 1),
(79, 1412590721, 'a:6:{i:0;i:48;i:1;i:43;i:2;i:16;i:3;i:34;i:4;i:45;i:5;i:7;}', 0, 0, 0, 1),
(80, 1412590721, 'a:6:{i:0;i:48;i:1;i:32;i:2;i:22;i:3;i:41;i:4;i:43;i:5;i:3;}', 0, 0, 0, 1),
(81, 1412590723, 'a:6:{i:0;i:34;i:1;i:19;i:2;i:41;i:3;i:2;i:4;i:31;i:5;i:27;}', 0, 0, 0, 1),
(82, 1412590818, 'a:6:{i:0;i:44;i:1;i:19;i:2;i:21;i:3;i:4;i:4;i:47;i:5;i:11;}', 3, 0, 80, 1),
(83, 1412590820, 'a:6:{i:0;i:23;i:1;i:29;i:2;i:21;i:3;i:28;i:4;i:48;i:5;i:22;}', 0, 0, 0, 1),
(84, 1412590829, 'a:6:{i:0;i:24;i:1;i:11;i:2;i:37;i:3;i:47;i:4;i:49;i:5;i:5;}', 0, 0, 0, 1),
(85, 1412590928, 'a:6:{i:0;i:20;i:1;i:39;i:2;i:36;i:3;i:13;i:4;i:31;i:5;i:26;}', 3, 0, 135, 1),
(86, 1412590942, 'a:6:{i:0;i:47;i:1;i:41;i:2;i:16;i:3;i:3;i:4;i:46;i:5;i:4;}', 0, 0, 0, 1),
(87, 1412591434, 'a:6:{i:0;i:17;i:1;i:24;i:2;i:31;i:3;i:46;i:4;i:11;i:5;i:19;}', 1, 0, 20, 1),
(88, 1412591582, 'a:6:{i:0;i:15;i:1;i:28;i:2;i:14;i:3;i:18;i:4;i:34;i:5;i:41;}', 2, 0, 125, 1),
(89, 1412591584, 'a:6:{i:0;i:18;i:1;i:17;i:2;i:26;i:3;i:45;i:4;i:39;i:5;i:13;}', 0, 0, 0, 1),
(90, 1412592603, 'a:6:{i:0;i:27;i:1;i:33;i:2;i:11;i:3;i:44;i:4;i:19;i:5;i:46;}', 5, 0, 195, 1),
(91, 1412594763, 'a:6:{i:0;i:29;i:1;i:47;i:2;i:9;i:3;i:6;i:4;i:43;i:5;i:33;}', 2, 0, 35, 1),
(92, 1412594943, 'a:6:{i:0;i:35;i:1;i:47;i:2;i:25;i:3;i:26;i:4;i:17;i:5;i:22;}', 3, 0, 185, 1),
(93, 1412598244, 'a:6:{i:0;i:9;i:1;i:48;i:2;i:49;i:3;i:41;i:4;i:19;i:5;i:33;}', 3, 0, 130, 1),
(94, 1412598248, 'a:6:{i:0;i:28;i:1;i:7;i:2;i:9;i:3;i:45;i:4;i:17;i:5;i:3;}', 0, 0, 0, 1),
(95, 1412616482, 'a:6:{i:0;i:8;i:1;i:33;i:2;i:20;i:3;i:14;i:4;i:48;i:5;i:22;}', 1, 0, 60, 1),
(96, 1412664123, 'a:6:{i:0;i:46;i:1;i:5;i:2;i:17;i:3;i:11;i:4;i:49;i:5;i:13;}', 1, 0, 55, 1);

-- --------------------------------------------------------

--
-- Структура таблицы `LotterySettings`
--

CREATE TABLE IF NOT EXISTS `LotterySettings` (
  `BallsCount` tinyint(1) NOT NULL DEFAULT '1',
  `CountryCode` varchar(2) NOT NULL DEFAULT 'UA',
  `Prize` int(11) NOT NULL DEFAULT '0',
  `Currency` enum('POINT','MONEY') NOT NULL DEFAULT 'POINT',
  `SumTotal` int(11) NOT NULL DEFAULT '0',
  `JackPot` tinyint(1) NOT NULL DEFAULT '0',
  PRIMARY KEY (`BallsCount`,`CountryCode`)
) ENGINE=MyISAM DEFAULT CHARSET=utf8;

--
-- Дамп данных таблицы `LotterySettings`
--

INSERT INTO `LotterySettings` (`BallsCount`, `CountryCode`, `Prize`, `Currency`, `SumTotal`, `JackPot`) VALUES
(1, 'BY', 123123, 'POINT', 2147483647, 1),
(2, 'BY', 123123, 'POINT', 2147483647, 1),
(3, 'BY', 1231231, 'POINT', 2147483647, 1),
(4, 'BY', 1231231, 'MONEY', 2147483647, 1),
(5, 'BY', 231231, 'MONEY', 2147483647, 1),
(6, 'BY', 3123, 'MONEY', 2147483647, 1),
(1, 'RU', 10, 'POINT', 324565234, 0),
(2, 'RU', 20, 'POINT', 324565234, 0),
(3, 'RU', 30, 'POINT', 324565234, 0),
(4, 'RU', 1000, 'MONEY', 324565234, 0),
(5, 'RU', 2000, 'MONEY', 324565234, 0),
(6, 'RU', 20000, 'MONEY', 324565234, 0),
(1, 'UA', 10, 'POINT', 40, 0),
(2, 'UA', 25, 'POINT', 40, 0),
(3, 'UA', 40, 'POINT', 40, 0),
(4, 'UA', 10, 'MONEY', 40, 0),
(5, 'UA', 200, 'MONEY', 40, 0),
(6, 'UA', 15000, 'MONEY', 40, 0);

-- --------------------------------------------------------

--
-- Структура таблицы `LotteryTickets`
--

CREATE TABLE IF NOT EXISTS `LotteryTickets` (
  `Id` int(11) NOT NULL AUTO_INCREMENT,
  `LotteryId` int(11) NOT NULL DEFAULT '0',
  `PlayerId` int(11) NOT NULL DEFAULT '0',
  `Combination` text NOT NULL,
  `DateCreated` int(11) NOT NULL DEFAULT '0',
  PRIMARY KEY (`Id`),
  KEY `idx_LotteryId` (`LotteryId`),
  KEY `idx_PlayerId` (`PlayerId`)
) ENGINE=MyISAM  DEFAULT CHARSET=utf8 AUTO_INCREMENT=133 ;

--
-- Дамп данных таблицы `LotteryTickets`
--

INSERT INTO `LotteryTickets` (`Id`, `LotteryId`, `PlayerId`, `Combination`, `DateCreated`) VALUES
(1, 71, 2, 'a:6:{i:0;s:1:"3";i:1;s:2:"30";i:2;s:2:"33";i:3;s:2:"35";i:4;s:2:"41";i:5;s:2:"46";}', 1412588283),
(2, 71, 2, 'a:6:{i:0;s:1:"1";i:1;s:2:"20";i:2;s:2:"23";i:3;s:2:"26";i:4;s:2:"36";i:5;s:2:"41";}', 1412588285),
(3, 71, 2, 'a:6:{i:0;s:2:"20";i:1;s:2:"22";i:2;s:2:"33";i:3;s:2:"39";i:4;s:2:"47";i:5;s:2:"48";}', 1412588287),
(4, 71, 2, 'a:6:{i:0;s:1:"1";i:1;s:1:"3";i:2;s:2:"24";i:3;s:2:"28";i:4;s:2:"30";i:5;s:2:"38";}', 1412588289),
(5, 71, 2, 'a:6:{i:0;s:2:"10";i:1;s:2:"15";i:2;s:2:"17";i:3;s:2:"19";i:4;s:2:"25";i:5;s:2:"39";}', 1412588292),
(6, 71, 3, 'a:6:{i:0;s:1:"4";i:1;s:1:"9";i:2;s:2:"19";i:3;s:2:"20";i:4;s:2:"47";i:5;s:2:"48";}', 1412589423),
(7, 71, 3, 'a:6:{i:0;s:1:"2";i:1;s:2:"12";i:2;s:2:"21";i:3;s:2:"27";i:4;s:2:"29";i:5;s:2:"49";}', 1412589452),
(8, 71, 4, 'a:6:{i:0;s:1:"1";i:1;s:1:"4";i:2;s:2:"27";i:3;s:2:"35";i:4;s:2:"36";i:5;s:2:"44";}', 1412589453),
(9, 71, 3, 'a:6:{i:0;s:1:"9";i:1;s:2:"23";i:2;s:2:"28";i:3;s:2:"32";i:4;s:2:"33";i:5;s:2:"46";}', 1412589455),
(10, 71, 4, 'a:6:{i:0;s:1:"3";i:1;s:1:"8";i:2;s:2:"14";i:3;s:2:"33";i:4;s:2:"42";i:5;s:2:"47";}', 1412589457),
(11, 71, 3, 'a:6:{i:0;s:1:"3";i:1;s:1:"6";i:2;s:2:"17";i:3;s:2:"26";i:4;s:2:"33";i:5;s:2:"46";}', 1412589460),
(12, 71, 4, 'a:6:{i:0;s:1:"6";i:1;s:2:"22";i:2;s:2:"27";i:3;s:2:"38";i:4;s:2:"39";i:5;s:2:"49";}', 1412589460),
(13, 71, 4, 'a:6:{i:0;s:1:"8";i:1;s:1:"9";i:2;s:2:"12";i:3;s:2:"13";i:4;s:2:"16";i:5;s:2:"34";}', 1412589464),
(14, 71, 4, 'a:6:{i:0;s:1:"7";i:1;s:1:"9";i:2;s:2:"16";i:3;s:2:"22";i:4;s:2:"27";i:5;s:2:"33";}', 1412589466),
(15, 71, 3, 'a:6:{i:0;s:1:"1";i:1;s:2:"15";i:2;s:2:"27";i:3;s:2:"28";i:4;s:2:"30";i:5;s:2:"41";}', 1412589467),
(16, 71, 5, 'a:6:{i:0;s:1:"3";i:1;s:2:"12";i:2;s:2:"26";i:3;s:2:"39";i:4;s:2:"41";i:5;s:2:"43";}', 1412590578),
(17, 71, 5, 'a:6:{i:0;s:1:"1";i:1;s:2:"10";i:2;s:2:"25";i:3;s:2:"41";i:4;s:2:"42";i:5;s:2:"49";}', 1412590580),
(18, 71, 5, 'a:6:{i:0;s:2:"13";i:1;s:2:"22";i:2;s:2:"31";i:3;s:2:"42";i:4;s:2:"45";i:5;s:2:"49";}', 1412590583),
(19, 71, 5, 'a:6:{i:0;s:1:"8";i:1;s:2:"18";i:2;s:2:"22";i:3;s:2:"26";i:4;s:2:"36";i:5;s:2:"37";}', 1412590586),
(20, 71, 5, 'a:6:{i:0;s:1:"7";i:1;s:2:"10";i:2;s:2:"17";i:3;s:2:"25";i:4;s:2:"28";i:5;s:2:"49";}', 1412590588),
(21, 82, 3, 'a:6:{i:0;s:1:"3";i:1;s:2:"20";i:2;s:2:"38";i:3;s:2:"39";i:4;s:2:"46";i:5;s:2:"47";}', 1412590732),
(22, 82, 3, 'a:6:{i:0;s:1:"6";i:1;s:2:"26";i:2;s:2:"33";i:3;s:2:"36";i:4;s:2:"48";i:5;s:2:"49";}', 1412590735),
(23, 82, 3, 'a:6:{i:0;s:2:"11";i:1;s:2:"18";i:2;s:2:"31";i:3;s:2:"33";i:4;s:2:"38";i:5;s:2:"48";}', 1412590737),
(24, 82, 3, 'a:6:{i:0;s:1:"3";i:1;s:1:"9";i:2;s:2:"30";i:3;s:2:"31";i:4;s:2:"40";i:5;s:2:"44";}', 1412590740),
(25, 82, 3, 'a:6:{i:0;s:1:"3";i:1;s:1:"9";i:2;s:2:"14";i:3;s:2:"16";i:4;s:2:"19";i:5;s:2:"26";}', 1412590743),
(26, 82, 4, 'a:6:{i:0;s:1:"6";i:1;s:1:"8";i:2;s:2:"22";i:3;s:2:"24";i:4;s:2:"25";i:5;s:2:"42";}', 1412590753),
(27, 82, 4, 'a:6:{i:0;s:1:"1";i:1;s:1:"2";i:2;s:1:"6";i:3;s:2:"20";i:4;s:2:"29";i:5;s:2:"43";}', 1412590756),
(28, 82, 5, 'a:6:{i:0;s:1:"4";i:1;s:2:"10";i:2;s:2:"23";i:3;s:2:"27";i:4;s:2:"35";i:5;s:2:"46";}', 1412590757),
(29, 82, 4, 'a:6:{i:0;s:1:"6";i:1;s:2:"12";i:2;s:2:"26";i:3;s:2:"35";i:4;s:2:"41";i:5;s:2:"42";}', 1412590759),
(30, 82, 5, 'a:6:{i:0;s:1:"1";i:1;s:1:"6";i:2;s:1:"7";i:3;s:1:"8";i:4;s:2:"10";i:5;s:2:"22";}', 1412590760),
(31, 82, 4, 'a:6:{i:0;s:1:"4";i:1;s:2:"12";i:2;s:2:"14";i:3;s:2:"20";i:4;s:2:"37";i:5;s:2:"49";}', 1412590762),
(32, 82, 4, 'a:6:{i:0;s:1:"1";i:1;s:1:"8";i:2;s:2:"31";i:3;s:2:"32";i:4;s:2:"33";i:5;s:2:"49";}', 1412590765),
(33, 82, 5, 'a:6:{i:0;s:2:"12";i:1;s:2:"16";i:2;s:2:"22";i:3;s:2:"27";i:4;s:2:"34";i:5;s:2:"37";}', 1412590767),
(34, 82, 5, 'a:6:{i:0;s:1:"5";i:1;s:2:"11";i:2;s:2:"28";i:3;s:2:"35";i:4;s:2:"41";i:5;s:2:"48";}', 1412590771),
(35, 82, 5, 'a:6:{i:0;s:1:"7";i:1;s:1:"9";i:2;s:2:"11";i:3;s:2:"27";i:4;s:2:"30";i:5;s:2:"48";}', 1412590781),
(36, 85, 5, 'a:6:{i:0;s:1:"9";i:1;s:2:"16";i:2;s:2:"23";i:3;s:2:"27";i:4;s:2:"31";i:5;s:2:"48";}', 1412590857),
(37, 85, 3, 'a:6:{i:0;s:1:"6";i:1;s:2:"21";i:2;s:2:"23";i:3;s:2:"39";i:4;s:2:"43";i:5;s:2:"49";}', 1412590858),
(38, 85, 4, 'a:6:{i:0;s:2:"11";i:1;s:2:"26";i:2;s:2:"29";i:3;s:2:"30";i:4;s:2:"34";i:5;s:2:"49";}', 1412590860),
(39, 85, 3, 'a:6:{i:0;s:2:"13";i:1;s:2:"18";i:2;s:2:"19";i:3;s:2:"27";i:4;s:2:"47";i:5;s:2:"49";}', 1412590860),
(40, 85, 5, 'a:6:{i:0;s:1:"4";i:1;s:2:"10";i:2;s:2:"23";i:3;s:2:"27";i:4;s:2:"35";i:5;s:2:"46";}', 1412590862),
(41, 85, 3, 'a:6:{i:0;s:2:"12";i:1;s:2:"18";i:2;s:2:"23";i:3;s:2:"28";i:4;s:2:"31";i:5;s:2:"38";}', 1412590863),
(42, 85, 4, 'a:6:{i:0;s:1:"1";i:1;s:1:"3";i:2;s:1:"8";i:3;s:2:"20";i:4;s:2:"37";i:5;s:2:"45";}', 1412590863),
(43, 85, 5, 'a:6:{i:0;s:1:"2";i:1;s:2:"25";i:2;s:2:"32";i:3;s:2:"42";i:4;s:2:"45";i:5;s:2:"48";}', 1412590866),
(44, 85, 4, 'a:6:{i:0;s:2:"10";i:1;s:2:"13";i:2;s:2:"17";i:3;s:2:"19";i:4;s:2:"37";i:5;s:2:"44";}', 1412590867),
(45, 85, 5, 'a:6:{i:0;s:2:"12";i:1;s:2:"21";i:2;s:2:"22";i:3;s:2:"26";i:4;s:2:"40";i:5;s:2:"43";}', 1412590868),
(46, 85, 4, 'a:6:{i:0;s:1:"6";i:1;s:1:"8";i:2;s:2:"21";i:3;s:2:"26";i:4;s:2:"33";i:5;s:2:"48";}', 1412590870),
(47, 85, 5, 'a:6:{i:0;s:1:"1";i:1;s:2:"16";i:2;s:2:"21";i:3;s:2:"26";i:4;s:2:"43";i:5;s:2:"49";}', 1412590871),
(48, 85, 3, 'a:6:{i:0;s:1:"3";i:1;s:1:"4";i:2;s:2:"12";i:3;s:2:"17";i:4;s:2:"45";i:5;s:2:"49";}', 1412590872),
(49, 85, 4, 'a:6:{i:0;s:2:"13";i:1;s:2:"31";i:2;s:2:"45";i:3;s:2:"46";i:4;s:2:"47";i:5;s:2:"49";}', 1412590873),
(50, 85, 3, 'a:6:{i:0;s:2:"12";i:1;s:2:"19";i:2;s:2:"26";i:3;s:2:"28";i:4;s:2:"29";i:5;s:2:"35";}', 1412590895),
(51, 87, 2, 'a:6:{i:0;s:1:"2";i:1;s:2:"11";i:2;s:2:"20";i:3;s:2:"25";i:4;s:2:"42";i:5;s:2:"48";}', 1412591018),
(52, 87, 2, 'a:6:{i:0;s:1:"3";i:1;s:1:"5";i:2;s:1:"8";i:3;s:2:"10";i:4;s:2:"14";i:5;s:2:"43";}', 1412591020),
(53, 87, 2, 'a:6:{i:0;s:1:"4";i:1;s:2:"12";i:2;s:2:"21";i:3;s:2:"30";i:4;s:2:"31";i:5;s:2:"45";}', 1412591022),
(54, 87, 2, 'a:6:{i:0;s:2:"14";i:1;s:2:"22";i:2;s:2:"39";i:3;s:2:"40";i:4;s:2:"44";i:5;s:2:"47";}', 1412591025),
(55, 87, 2, 'a:6:{i:0;s:1:"3";i:1;s:1:"5";i:2;s:2:"16";i:3;s:2:"21";i:4;s:2:"42";i:5;s:2:"49";}', 1412591027),
(56, 88, 6, 'a:6:{i:0;s:1:"2";i:1;s:2:"13";i:2;s:2:"24";i:3;s:2:"26";i:4;s:2:"27";i:5;s:2:"37";}', 1412591438),
(57, 88, 6, 'a:6:{i:0;s:2:"14";i:1;s:2:"24";i:2;s:2:"25";i:3;s:2:"27";i:4;s:2:"36";i:5;s:2:"37";}', 1412591443),
(58, 88, 6, 'a:6:{i:0;s:2:"22";i:1;s:2:"23";i:2;s:2:"24";i:3;s:2:"25";i:4;s:2:"26";i:5;s:2:"27";}', 1412591453),
(59, 88, 6, 'a:6:{i:0;s:2:"16";i:1;s:2:"17";i:2;s:2:"18";i:3;s:2:"25";i:4;s:2:"26";i:5;s:2:"28";}', 1412591458),
(60, 88, 6, 'a:6:{i:0;s:2:"14";i:1;s:2:"15";i:2;s:2:"24";i:3;s:2:"25";i:4;s:2:"26";i:5;s:2:"36";}', 1412591463),
(61, 88, 2, 'a:6:{i:0;s:1:"2";i:1;s:1:"3";i:2;s:2:"20";i:3;s:2:"27";i:4;s:2:"28";i:5;s:2:"37";}', 1412591503),
(62, 88, 2, 'a:6:{i:0;s:1:"5";i:1;s:2:"10";i:2;s:2:"17";i:3;s:2:"18";i:4;s:2:"36";i:5;s:2:"46";}', 1412591507),
(63, 88, 2, 'a:6:{i:0;s:2:"12";i:1;s:2:"27";i:2;s:2:"28";i:3;s:2:"36";i:4;s:2:"45";i:5;s:2:"47";}', 1412591509),
(64, 88, 2, 'a:6:{i:0;s:1:"4";i:1;s:2:"14";i:2;s:2:"17";i:3;s:2:"24";i:4;s:2:"37";i:5;s:2:"49";}', 1412591511),
(65, 88, 2, 'a:6:{i:0;s:1:"4";i:1;s:2:"23";i:2;s:2:"25";i:3;s:2:"28";i:4;s:2:"41";i:5;s:2:"44";}', 1412591513),
(66, 90, 7, 'a:6:{i:0;s:1:"3";i:1;s:1:"4";i:2;s:2:"14";i:3;s:2:"15";i:4;s:2:"16";i:5;s:2:"26";}', 1412591626),
(67, 90, 7, 'a:6:{i:0;s:2:"13";i:1;s:2:"14";i:2;s:2:"15";i:3;s:2:"23";i:4;s:2:"24";i:5;s:2:"25";}', 1412591632),
(68, 90, 7, 'a:6:{i:0;s:1:"5";i:1;s:1:"6";i:2;s:2:"14";i:3;s:2:"15";i:4;s:2:"16";i:5;s:2:"24";}', 1412591638),
(69, 90, 7, 'a:6:{i:0;s:2:"23";i:1;s:2:"24";i:2;s:2:"25";i:3;s:2:"26";i:4;s:2:"27";i:5;s:2:"28";}', 1412591643),
(70, 90, 7, 'a:6:{i:0;s:2:"16";i:1;s:2:"17";i:2;s:2:"26";i:3;s:2:"27";i:4;s:2:"28";i:5;s:2:"36";}', 1412591650),
(71, 90, 3, 'a:6:{i:0;s:2:"12";i:1;s:2:"14";i:2;s:2:"24";i:3;s:2:"36";i:4;s:2:"41";i:5;s:2:"47";}', 1412592417),
(72, 90, 3, 'a:6:{i:0;s:1:"8";i:1;s:2:"26";i:2;s:2:"27";i:3;s:2:"44";i:4;s:2:"45";i:5;s:2:"48";}', 1412592422),
(73, 90, 4, 'a:6:{i:0;s:2:"25";i:1;s:2:"29";i:2;s:2:"36";i:3;s:2:"41";i:4;s:2:"42";i:5;s:2:"47";}', 1412592422),
(74, 90, 3, 'a:6:{i:0;s:2:"21";i:1;s:2:"26";i:2;s:2:"29";i:3;s:2:"40";i:4;s:2:"41";i:5;s:2:"49";}', 1412592423),
(75, 90, 4, 'a:6:{i:0;s:1:"4";i:1;s:2:"11";i:2;s:2:"18";i:3;s:2:"21";i:4;s:2:"31";i:5;s:2:"38";}', 1412592423),
(76, 90, 3, 'a:6:{i:0;s:2:"10";i:1;s:2:"11";i:2;s:2:"12";i:3;s:2:"31";i:4;s:2:"33";i:5;s:2:"42";}', 1412592425),
(77, 90, 4, 'a:6:{i:0;s:1:"2";i:1;s:1:"8";i:2;s:2:"17";i:3;s:2:"26";i:4;s:2:"34";i:5;s:2:"44";}', 1412592427),
(78, 90, 5, 'a:6:{i:0;s:1:"9";i:1;s:2:"10";i:2;s:2:"12";i:3;s:2:"17";i:4;s:2:"27";i:5;s:2:"44";}', 1412592427),
(79, 90, 3, 'a:6:{i:0;s:2:"14";i:1;s:2:"17";i:2;s:2:"22";i:3;s:2:"25";i:4;s:2:"33";i:5;s:2:"35";}', 1412592428),
(80, 90, 5, 'a:6:{i:0;s:1:"3";i:1;s:2:"11";i:2;s:2:"14";i:3;s:2:"24";i:4;s:2:"28";i:5;s:2:"49";}', 1412592430),
(81, 90, 4, 'a:6:{i:0;s:2:"13";i:1;s:2:"24";i:2;s:2:"36";i:3;s:2:"39";i:4;s:2:"41";i:5;s:2:"46";}', 1412592434),
(82, 90, 5, 'a:6:{i:0;s:1:"7";i:1;s:2:"15";i:2;s:2:"16";i:3;s:2:"21";i:4;s:2:"23";i:5;s:2:"38";}', 1412592434),
(83, 90, 5, 'a:6:{i:0;s:2:"10";i:1;s:2:"13";i:2;s:2:"14";i:3;s:2:"17";i:4;s:2:"19";i:5;s:2:"31";}', 1412592436),
(84, 90, 4, 'a:6:{i:0;s:1:"6";i:1;s:1:"8";i:2;s:2:"18";i:3;s:2:"28";i:4;s:2:"43";i:5;s:2:"44";}', 1412592436),
(85, 90, 5, 'a:6:{i:0;s:1:"3";i:1;s:2:"15";i:2;s:2:"21";i:3;s:2:"34";i:4;s:2:"35";i:5;s:2:"40";}', 1412592440),
(86, 90, 2, 'a:6:{i:0;s:1:"3";i:1;s:2:"15";i:2;s:2:"16";i:3;s:2:"24";i:4;s:2:"27";i:5;s:2:"39";}', 1412592586),
(87, 90, 2, 'a:6:{i:0;s:1:"9";i:1;s:2:"29";i:2;s:2:"33";i:3;s:2:"39";i:4;s:2:"45";i:5;s:2:"48";}', 1412592588),
(88, 90, 2, 'a:6:{i:0;s:1:"1";i:1;s:2:"15";i:2;s:2:"18";i:3;s:2:"32";i:4;s:2:"41";i:5;s:2:"44";}', 1412592590),
(89, 90, 2, 'a:6:{i:0;s:1:"5";i:1;s:2:"15";i:2;s:2:"21";i:3;s:2:"30";i:4;s:2:"35";i:5;s:2:"48";}', 1412592594),
(90, 90, 2, 'a:6:{i:0;s:1:"1";i:1;s:1:"5";i:2;s:2:"12";i:3;s:2:"24";i:4;s:2:"39";i:5;s:2:"43";}', 1412592595),
(91, 91, 2, 'a:6:{i:0;s:1:"8";i:1;s:2:"16";i:2;s:2:"25";i:3;s:2:"28";i:4;s:2:"42";i:5;s:2:"45";}', 1412594738),
(92, 91, 2, 'a:6:{i:0;s:2:"10";i:1;s:2:"14";i:2;s:2:"16";i:3;s:2:"24";i:4;s:2:"32";i:5;s:2:"41";}', 1412594740),
(93, 91, 2, 'a:6:{i:0;s:1:"2";i:1;s:1:"6";i:2;s:1:"7";i:3;s:2:"21";i:4;s:2:"25";i:5;s:2:"43";}', 1412594742),
(94, 91, 2, 'a:6:{i:0;s:2:"11";i:1;s:2:"39";i:2;s:2:"40";i:3;s:2:"45";i:4;s:2:"46";i:5;s:2:"48";}', 1412594745),
(95, 91, 2, 'a:6:{i:0;s:1:"2";i:1;s:2:"17";i:2;s:2:"19";i:3;s:2:"21";i:4;s:2:"37";i:5;s:2:"39";}', 1412594746),
(96, 91, 7, 'a:6:{i:0;s:1:"2";i:1;s:1:"3";i:2;s:1:"4";i:3;s:2:"15";i:4;s:2:"16";i:5;s:2:"26";}', 1412594757),
(97, 91, 7, 'a:6:{i:0;s:1:"5";i:1;s:1:"6";i:2;s:2:"15";i:3;s:2:"16";i:4;s:2:"25";i:5;s:2:"26";}', 1412594762),
(98, 92, 7, 'a:6:{i:0;s:2:"15";i:1;s:2:"24";i:2;s:2:"25";i:3;s:2:"34";i:4;s:2:"35";i:5;s:2:"36";}', 1412594770),
(99, 92, 8, 'a:6:{i:0;s:1:"5";i:1;s:2:"15";i:2;s:2:"25";i:3;s:2:"35";i:4;s:2:"45";i:5;s:2:"47";}', 1412594861),
(100, 92, 8, 'a:6:{i:0;s:1:"3";i:1;s:2:"13";i:2;s:2:"14";i:3;s:2:"15";i:4;s:2:"25";i:5;s:2:"26";}', 1412594866),
(101, 92, 8, 'a:6:{i:0;s:2:"16";i:1;s:2:"26";i:2;s:2:"27";i:3;s:2:"35";i:4;s:2:"36";i:5;s:2:"37";}', 1412594871),
(102, 92, 8, 'a:6:{i:0;s:2:"15";i:1;s:2:"16";i:2;s:2:"25";i:3;s:2:"26";i:4;s:2:"36";i:5;s:2:"46";}', 1412594881),
(103, 92, 2, 'a:6:{i:0;s:1:"3";i:1;s:1:"5";i:2;s:2:"11";i:3;s:2:"14";i:4;s:2:"24";i:5;s:2:"47";}', 1412594918),
(104, 92, 2, 'a:6:{i:0;s:1:"5";i:1;s:2:"17";i:2;s:2:"32";i:3;s:2:"38";i:4;s:2:"45";i:5;s:2:"48";}', 1412594921),
(105, 92, 2, 'a:6:{i:0;s:2:"12";i:1;s:2:"17";i:2;s:2:"22";i:3;s:2:"32";i:4;s:2:"38";i:5;s:2:"48";}', 1412594926),
(106, 92, 2, 'a:6:{i:0;s:1:"5";i:1;s:2:"13";i:2;s:2:"14";i:3;s:2:"21";i:4;s:2:"24";i:5;s:2:"30";}', 1412594928),
(107, 92, 2, 'a:6:{i:0;s:2:"24";i:1;s:2:"28";i:2;s:2:"30";i:3;s:2:"42";i:4;s:2:"46";i:5;s:2:"49";}', 1412594931),
(108, 93, 8, 'a:6:{i:0;s:1:"6";i:1;s:1:"7";i:2;s:2:"17";i:3;s:2:"26";i:4;s:2:"27";i:5;s:2:"36";}', 1412594950),
(109, 93, 12, 'a:6:{i:0;s:1:"8";i:1;s:2:"18";i:2;s:2:"24";i:3;s:2:"26";i:4;s:2:"31";i:5;s:2:"40";}', 1412598149),
(110, 93, 12, 'a:6:{i:0;s:1:"1";i:1;s:1:"3";i:2;s:2:"13";i:3;s:2:"42";i:4;s:2:"48";i:5;s:2:"49";}', 1412598152),
(111, 93, 9, 'a:6:{i:0;s:1:"7";i:1;s:2:"15";i:2;s:2:"16";i:3;s:2:"27";i:4;s:2:"39";i:5;s:2:"49";}', 1412598155),
(112, 93, 12, 'a:6:{i:0;s:1:"1";i:1;s:1:"5";i:2;s:2:"11";i:3;s:2:"13";i:4;s:2:"42";i:5;s:2:"47";}', 1412598156),
(113, 93, 11, 'a:6:{i:0;s:1:"3";i:1;s:2:"10";i:2;s:2:"13";i:3;s:2:"21";i:4;s:2:"38";i:5;s:2:"47";}', 1412598158),
(114, 93, 9, 'a:6:{i:0;s:1:"3";i:1;s:2:"19";i:2;s:2:"33";i:3;s:2:"34";i:4;s:2:"39";i:5;s:2:"46";}', 1412598161),
(115, 93, 11, 'a:6:{i:0;s:1:"2";i:1;s:1:"6";i:2;s:2:"25";i:3;s:2:"26";i:4;s:2:"42";i:5;s:2:"48";}', 1412598161),
(116, 93, 12, 'a:6:{i:0;s:1:"6";i:1;s:2:"11";i:2;s:2:"26";i:3;s:2:"40";i:4;s:2:"44";i:5;s:2:"48";}', 1412598162),
(117, 93, 11, 'a:6:{i:0;s:2:"13";i:1;s:2:"15";i:2;s:2:"24";i:3;s:2:"37";i:4;s:2:"42";i:5;s:2:"43";}', 1412598164),
(118, 93, 9, 'a:6:{i:0;s:1:"6";i:1;s:2:"17";i:2;s:2:"29";i:3;s:2:"34";i:4;s:2:"40";i:5;s:2:"44";}', 1412598165),
(119, 93, 11, 'a:6:{i:0;s:1:"9";i:1;s:2:"14";i:2;s:2:"24";i:3;s:2:"31";i:4;s:2:"33";i:5;s:2:"46";}', 1412598165),
(120, 93, 12, 'a:6:{i:0;s:1:"3";i:1;s:1:"6";i:2;s:1:"7";i:3;s:1:"8";i:4;s:2:"14";i:5;s:2:"35";}', 1412598170),
(121, 93, 9, 'a:6:{i:0;s:1:"7";i:1;s:2:"16";i:2;s:2:"25";i:3;s:2:"34";i:4;s:2:"43";i:5;s:2:"44";}', 1412598172),
(122, 93, 9, 'a:6:{i:0;s:2:"19";i:1;s:2:"29";i:2;s:2:"30";i:3;s:2:"32";i:4;s:2:"33";i:5;s:2:"44";}', 1412598180),
(123, 95, 15, 'a:6:{i:0;s:1:"8";i:1;s:2:"12";i:2;s:2:"24";i:3;s:2:"29";i:4;s:2:"32";i:5;s:2:"33";}', 1412616404),
(124, 95, 15, 'a:6:{i:0;s:2:"14";i:1;s:2:"17";i:2;s:2:"26";i:3;s:2:"30";i:4;s:2:"38";i:5;s:2:"40";}', 1412616407),
(125, 95, 15, 'a:6:{i:0;s:2:"13";i:1;s:2:"21";i:2;s:2:"24";i:3;s:2:"28";i:4;s:2:"43";i:5;s:2:"44";}', 1412616423),
(126, 95, 15, 'a:6:{i:0;s:1:"4";i:1;s:1:"9";i:2;s:2:"12";i:3;s:2:"26";i:4;s:2:"30";i:5;s:2:"45";}', 1412616426),
(127, 95, 15, 'a:6:{i:0;s:1:"5";i:1;s:2:"11";i:2;s:2:"13";i:3;s:2:"14";i:4;s:2:"28";i:5;s:2:"48";}', 1412616429),
(128, 96, 17, 'a:6:{i:0;s:2:"17";i:1;s:2:"28";i:2;s:2:"34";i:3;s:2:"37";i:4;s:2:"40";i:5;s:2:"44";}', 1412664005),
(129, 96, 17, 'a:6:{i:0;s:1:"7";i:1;s:2:"11";i:2;s:2:"20";i:3;s:2:"22";i:4;s:2:"26";i:5;s:2:"46";}', 1412664008),
(130, 96, 17, 'a:6:{i:0;s:1:"3";i:1;s:2:"17";i:2;s:2:"27";i:3;s:2:"31";i:4;s:2:"40";i:5;s:2:"43";}', 1412664011),
(131, 96, 17, 'a:6:{i:0;s:1:"6";i:1;s:1:"9";i:2;s:2:"10";i:3;s:2:"21";i:4;s:2:"32";i:5;s:2:"44";}', 1412664015),
(132, 96, 17, 'a:6:{i:0;s:1:"4";i:1;s:2:"11";i:2;s:2:"14";i:3;s:2:"16";i:4;s:2:"22";i:5;s:2:"42";}', 1412664017);

-- --------------------------------------------------------

--
-- Структура таблицы `News`
--

CREATE TABLE IF NOT EXISTS `News` (
  `Id` int(11) NOT NULL AUTO_INCREMENT,
  `Title` varchar(255) NOT NULL DEFAULT '',
  `Lang` varchar(2) NOT NULL DEFAULT 'ru',
  `Date` int(11) NOT NULL DEFAULT '0',
  `Text` text,
  PRIMARY KEY (`Id`),
  KEY `Date_idx` (`Date`),
  KEY `Lang_idx` (`Lang`)
) ENGINE=MyISAM  DEFAULT CHARSET=utf8 AUTO_INCREMENT=21 ;

--
-- Дамп данных таблицы `News`
--

INSERT INTO `News` (`Id`, `Title`, `Lang`, `Date`, `Text`) VALUES
(1, 'test2', 'UA', 1410434099, '\n                            test                        '),
(6, 'EN test', 'UA', 1410437140, '\n                            <p>test EN news</p><p><br>\n		</p>\n\n\n\n	<p class="text_materials_title">\n		материалы по теме:\n	</p>\n\n<p class="text_materials_list_item">\n	<a href="http://comments.ua/politics/486443-za-selo-fermerov-parlamente.html" class="link_live" title="">\nЗа село и фермеров в парламенте будет бороться «ЗАСТУП»\n	</a>\n</p>\n\n<p class="text_materials_list_item">\n	<a href="http://comments.ua/politics/485154-obse-otpravit-ukrainu-680.html" class="link_live" title="">\nОБСЕ отправит в Украину 680 наблюдателей - МИД\n	</a>\n</p>\n\n<p class="text_materials_list_item">\n	<a href="http://comments.ua/politics/485085-turchinov-rasskazal-dolzhni-prohodit.html" class="link_live" title="">\nТурчинов рассказал, как должны проходить выборы\n	</a>\n</p>\n\n<p class="text_materials_list_item">\n	<a href="http://comments.ua/politics/484963-zastup-prezentoval-proekt-programmi-za.html" class="link_live" title="">\n«ЗАСТУП» презентовал проект программы «За родную землю!»\n	</a>\n</p>\n	\n\n				\n\n		\n        \n		\n\n		\n		\n		\n			\n				\n			\n		\n        \n\n	\n    \n		\n		\n	\n	\n\n\n\n\n<span style="vertical-align: bottom; width: 106px; height: 20px;"></span>\n\n	\n	\n        \n        \n	\n	\n\n\n\n\n\n\n	\n\n        \n        \n        \n		\nВ Верховную Раду не должны попасть депутаты с сомнительным прошлым - Пасхавер\n		\n		\n		\n			\n				\n					\n						<p class="text_news_header_date" itemprop="datePublished" datetime="2014-09-11T14:55:16+03:00">\n11/09/2014 14:55\n						</p>\n						\n    						<p class="text_comments"><a href="http://comments.ua/politics/486622-v-verhovnuyu-radu-dolzhni-popast.html#disqus_thread">0</a></p>\n						\n						\n						\n					\n				\n				\n					\n    					\n					\n				<br>\n			\n		\n		\n		\n        \n\n        \n\n\n<p class="news_anons" itemprop="description">Директор Института \nэкономических исследований и&nbsp;политических консультаций Александр \nПасхавер отмечает в&nbsp;своем материале на&nbsp;«Голос.UA», что попадание \nсомнительных кандидатов от&nbsp;демократических сил в&nbsp;Верховную Раду может \nподорвать авторитет нынешней власти и&nbsp;привести к&nbsp;новой политической \nнестабильности</p>\n<p>Об этом передает <a href="http://www.unn.com.ua/ru/news/1384374-do-verkhovnoyi-radi-ne-povinni-potrapiti-deputati-z-sumnivnim-minulim-o-paskhaver" target="_blank">«УНН».</a></p>\n<p>«Выдвижение сомнительных кандидатов от коалиции после Евромайдана, \nобщество уже не простит и не попустит. Такие шаги бросят тень на всю \nнынешнюю систему власти. Таких примеров сегодня, к сожалению, множество,\n в том числе и в Полтавской области», - говорит эксперт.</p>\n<p>Как пишет «Голос.UA», в этом регионе по 145 округу баллотируется в \nВерховную Раду Юрий Бублик (сейчас народный депутат от партии \n«Свобода»), который, по информации издания, подозревается в организации \nубийства мэра и судьи Кременчуга. Бублик действовал через своего \nпомощника Александра Мельника, который недавно был арестован судом по \nподозрению в заказе убийства мэра.</p>\n<p>Кроме того, у господина Бублика уже есть криминальное прошлое. В \nчастности в 2011 году против него за превышение служебных полномочий, \nкоторые нанесли ущерб государству в размере 31 тыс гривен, было \nвозбуждено уголовное дело. Полтавский районный суд в 2012 году \nприговорил Юрия Бублика к трем годам условно, а также наложил запрет \nсроком на три года занимать руководящие должности.</p>\n \n\n\n			<p class="text_news_source">\n				Читайте новости <a href="http://comments.ua/">Comments.UA</a> в социальных сетях <a rel="nofollow" href="http://www.facebook.com/comments.ua" style="text-decoration: underline;" target="_blank">facebook</a> и <a rel="nofollow" href="http://twitter.com/commentsUA" style="text-decoration: underline;" target="_blank">twitter</a>.\n			</p>                        '),
(7, 'test3test3', 'UA', 1410437247, 'test3'),
(8, 'test4', 'UA', 1410437255, 'test4'),
(9, 'test5', 'UA', 1410437261, 'test5'),
(10, 'test6', 'UA', 1410437272, 'test6'),
(11, 'test7', 'UA', 1410437280, 'test7'),
(12, 'test8', 'UA', 1410437290, 'test8'),
(13, 'Бритни Спирс подстриглась', 'UA', 1410437299, '<span style="text-align: justify;">Похоже, что</span><span style="color: rgb(0, 0, 0); font-family: Tahoma, Verdana, Arial, Helvetica, sans-serif; font-size: 12px; line-height: 16px; text-align: justify;">&nbsp;</span>Бритни Спирс<span style="text-align: justify;">&nbsp;решила полностью сменить свою жизнь. Она рассталась с бойфрендом, стала дизайнером, а теперь и сменила стрижку. На презентации своей дебютной коллекции нижнего белья и одежды в Оберхаузене она появилась с новой прической - стильный боб. Одета певица была в строгий костюм, что в последнее время для нее уже стало привычным. Стоит отметить, что такие наряды лишь подчеркивают стройную фигуру&nbsp;</span><span style="color: rgb(0, 0, 0); font-family: Tahoma, Verdana, Arial, Helvetica, sans-serif; font-size: 12px; line-height: 16px; text-align: justify;">Бритни</span><span style="text-align: justify;">. Да и новая прическа ей к лицу.&nbsp;</span><br style="color: rgb(0, 0, 0); font-family: Tahoma, Verdana, Arial, Helvetica, sans-serif; font-size: 12px; line-height: 16px; text-align: justify;">'),
(14, 'Гвинет Пэлтроу: Иногда мне кажется, что я бестолковая', 'UA', 1410437306, '<p>Американская актриса Гвинет Пэлтроу призналась в одном из последних интервью, что страдает от неуверенности в себе.<br></p><p>41-летняя американская актриса Гвинет Пэлтроу сообщила в интервью американскому изданию, что она, как и многие женщины, страдает от неуверенности в своих силах. "Бывают дни, когда мне кажется, что я бестолковая. Вот я готовлю еду для детей и ругаю себя за то, что может получиться невкусно", – удивила своим рассказом звезда.<br></p>'),
(15, 'Новые фото Насти Каменских', 'UA', 1410437318, '\n                            <p>Настя Каменских побаловала поклонником новым фото в своем Instagram. Звезда предстала в роковом образе, примерив кожаную куртку-косуху черного цвета и кожаные брюки вишневого оттенка.&nbsp;<br>Картину дополняла взъерошенная челка и прямые волосы.&nbsp;<br><br>Подписчикам понравился образ Насти, назвав ее «королевой» и «самой красивой девушкой в мире».&nbsp;<br></p>                        '),
(17, 'Креативный директор Nina Ricci', 'UA', 1410537127, 'Креативный директор Nina Ricci - Питер Коппинг - объединил в весенне-летней коллекции модного дома сразу все наиболее популярные тренды. Здесь и классические черные платья, и яркие цвета, и графические силуэты, и сетка с вышивкой, и блестящие ткани.<br>'),
(18, 'Lanvin отмечает свое 125-летие', 'UA', 1410537136, '\n                            В этом году дом моды Lanvin отмечает свое 125-летие, поэтому креативный директор Альбер Эльбаз решил посвятить показ весенне-летней коллекции богатому наследию и истории бренда, который всегда радовал поклонников необычайно роскошными нарядами, но при этом пригодными для ношения и далеко за пределами подиума.<br>                        '),
(19, 'Сын Барбары Стрейзанд питается на помойке', 'UA', 1411723133, 'Сын известной американской актрисы и певицы Барбары Стрейзанд живет на улице.<p style="margin-bottom: 15px;">Пока Барбра Стрейзанд и Джеймс Бролин живут в роскошном особняке в Голливуде (США), их сын живет на улице, сообщают иностранные источники.&nbsp;Джесс Бролин, который страдает от ожирения в очередной раз был замечен на улице. Он рылся в мусорном баке в поисках еды.&nbsp;Представитель звездной пары заявил, что Барбра и Джеймс любят сына и не раз предлагали ему помощь, однако тот в упор не желает ее принимать.</p>'),
(20, 'Виталий Седюк напал на Ким Кардашян', 'UA', 1411723268, 'Скандально известный украинский жуналист Виталий Седюк снова принялся за свое. На этот раз его жертвой стала американская светская львица Ким Кардашян.&nbsp;Вчера вечером Ким Кардашян посетила показ&nbsp;<span style="color: rgb(0, 0, 0); font-family: ''PT Sans'', Tahoma, Arial, sans-serif; font-size: 16px; line-height: 22.3999996185303px;">Balmain</span>, который состоялся в рамках парижской недели моды.&nbsp;');

-- --------------------------------------------------------

--
-- Структура таблицы `PlayerLotteryWins`
--

CREATE TABLE IF NOT EXISTS `PlayerLotteryWins` (
  `PlayerId` int(11) NOT NULL DEFAULT '0',
  `LotteryId` int(11) NOT NULL DEFAULT '0',
  `Date` int(11) NOT NULL DEFAULT '0',
  `MoneyWin` int(11) NOT NULL DEFAULT '0',
  `PointsWin` int(11) NOT NULL DEFAULT '0',
  PRIMARY KEY (`PlayerId`,`LotteryId`)
) ENGINE=MyISAM DEFAULT CHARSET=utf8;

--
-- Дамп данных таблицы `PlayerLotteryWins`
--

INSERT INTO `PlayerLotteryWins` (`PlayerId`, `LotteryId`, `Date`, `MoneyWin`, `PointsWin`) VALUES
(2, 87, 1412591434, 0, 20),
(6, 88, 1412591582, 0, 60),
(2, 88, 1412591582, 0, 65),
(7, 90, 1412592603, 0, 20),
(3, 90, 1412592603, 0, 60),
(4, 90, 1412592603, 0, 40),
(5, 90, 1412592603, 0, 45),
(2, 90, 1412592603, 0, 30),
(2, 91, 1412594763, 0, 25),
(7, 91, 1412594763, 0, 10),
(7, 92, 1412594943, 0, 25),
(8, 92, 1412594943, 0, 115),
(2, 92, 1412594943, 0, 45),
(8, 93, 1412598244, 0, 0),
(12, 93, 1412598244, 0, 35),
(9, 93, 1412598244, 0, 60),
(11, 93, 1412598244, 0, 35),
(15, 95, 1412616482, 0, 60),
(17, 96, 1412664123, 0, 55);

-- --------------------------------------------------------

--
-- Структура таблицы `Players`
--

CREATE TABLE IF NOT EXISTS `Players` (
  `Id` int(11) NOT NULL AUTO_INCREMENT,
  `Email` varchar(255) NOT NULL DEFAULT '',
  `Password` varchar(255) NOT NULL DEFAULT '',
  `Salt` varchar(13) NOT NULL DEFAULT '',
  `Nicname` varchar(20) NOT NULL DEFAULT '',
  `Name` varchar(50) NOT NULL DEFAULT '',
  `Surname` varchar(50) NOT NULL DEFAULT '',
  `SecondName` varchar(50) NOT NULL DEFAULT '',
  `Phone` varchar(50) NOT NULL DEFAULT '',
  `Birthday` int(11) NOT NULL DEFAULT '0',
  `DateRegistered` int(11) NOT NULL DEFAULT '0',
  `DateLogined` int(11) NOT NULL DEFAULT '0',
  `Country` varchar(2) NOT NULL DEFAULT '0',
  `Avatar` varchar(50) NOT NULL DEFAULT '',
  `Favorite` text NOT NULL,
  `Visible` tinyint(1) NOT NULL DEFAULT '0',
  `Points` int(11) NOT NULL DEFAULT '0',
  `Money` int(11) NOT NULL DEFAULT '0',
  `GamesPlayed` int(11) NOT NULL DEFAULT '0',
  PRIMARY KEY (`Id`),
  UNIQUE KEY `Email_idx` (`Email`)
) ENGINE=MyISAM  DEFAULT CHARSET=utf8 AUTO_INCREMENT=18 ;

--
-- Дамп данных таблицы `Players`
--

INSERT INTO `Players` (`Id`, `Email`, `Password`, `Salt`, `Nicname`, `Name`, `Surname`, `SecondName`, `Phone`, `Birthday`, `DateRegistered`, `DateLogined`, `Country`, `Avatar`, `Favorite`, `Visible`, `Points`, `Money`, `GamesPlayed`) VALUES
(1, 'scooterok@gmail.com', '6321595ad4de6e37e56863edfa19d06d', '5432629cd1de7', '', '', '', '', '', 0, 1412588188, 1412588188, 'UA', '', 'a:0:{}', 0, 0, 0, 0),
(2, 'ravanger@kntele.com', '7ce733c9693aea46470b84654f3baf73', '543262c5bcc8a', 'id2', '', '', '', '', 0, 1412588229, 1412602176, 'UA', '', 'a:0:{}', 0, 205, 0, 6),
(3, 'popriga.e@gmail.com', '3cb43b54ef840c36619c21baabf94388', '543262e2d283c', '', '', '', '', '', 0, 1412588258, 1412588258, 'UA', '', 'a:0:{}', 0, 150, 0, 4),
(4, 'saniazava@hotmail.com', '21af43397fa5cf902d0996c31d080a1b', '543262fb3412e', '', '', '', '', '', 0, 1412588283, 1412588283, 'UA', '', 'a:0:{}', 0, 155, 0, 4),
(5, 'paha@ukr.net', '4f17bbecdccb06461fe6c369a6872828', '5432686c9cb5d', 'id5', '', '', '', '', 0, 1412589676, 1412589676, 'UA', '', 'a:6:{i:0;s:1:"4";i:1;s:2:"10";i:2;s:2:"23";i:3;s:2:"27";i:4;s:2:"35";i:5;s:2:"46";}', 0, 150, 0, 4),
(6, 'scootersok@gmail.com', '6eccbcb84e9417ece42ba1b4ee15fdc9', '54326bc5bc776', '', '', '', '', '', 0, 1412590533, 1412590533, 'UA', '', 'a:0:{}', 0, 60, 0, 1),
(7, 'scootessrok@gmail.com', '76253d0676070a96ea12a1b6655ee462', '543270047597d', '', '', '', '', '', 0, 1412591620, 1412591620, 'UA', '', 'a:0:{}', 0, 55, 0, 3),
(8, 'sad@asd.com', '62d6a29b815974bcad8bb12f94dc95ef', '54327c3ee3c51', '', '', '', '', '', 0, 1412594750, 1412594750, 'UA', '', 'a:0:{}', 0, 115, 0, 2),
(9, 'rthed@vr.ru', '48cbbb5c91d900ae5d13efaa78ff12a1', '543285514e706', '', '', '', '', '', 0, 1412597073, 1412597073, 'UA', '', 'a:0:{}', 0, 60, 0, 1),
(10, '6ke6rn6@gmail.com', 'b1102f1329f760e2d1ee02c24a5fbc55', '543286d746979', '', '', '', '', '', 0, 1412597463, 1412597463, 'UA', '', 'a:0:{}', 0, 0, 0, 0),
(11, 'saniava@hotmail.com', '3b4c78ba194eb63f60d459df9fa7b3a3', '543287b4c6802', '', '', '', '', '', 0, 1412597684, 1412597684, 'UA', '', 'a:0:{}', 0, 35, 0, 1),
(12, 'djhfkj@i.ua', '26f111f1b9908e3c179850ab9aeb6b45', '54328962e2968', '', '', '', '', '', 0, 1412598114, 1412598114, 'UA', '', 'a:0:{}', 0, 35, 0, 1),
(13, 'skjfl@i.ua', '8d62d83eef8b2ccb5f7c3c89a4e7ecc6', '5432d04831e1c', '', '', '', '', '', 0, 1412616264, 1412616264, 'UA', '', 'a:0:{}', 0, 0, 0, 0),
(14, 'skjdsfl@i.ua', '203a59ed389cfee7397d1fc71fe769f4', '5432d050296ab', '', '', '', '', '', 0, 1412616272, 1412616272, 'UA', '', 'a:0:{}', 0, 0, 0, 0),
(15, 'skjdsaaafl@i.ua', '2f4858d32bf1ce8f3044ce34292764c2', '5432d05a800ac', '', '', '', '', '', 0, 1412616282, 1412616282, 'UA', '', 'a:0:{}', 0, 60, 0, 1),
(16, 'siazava@hotmail.com', '336f07f7ba4431820fc067c5252e034a', '5432f090dad8e', '', '', '', '', '', 0, 1412624528, 1412624529, 'UA', '', 'a:0:{}', 0, 0, 0, 0),
(17, 'posadkg@i.ua', '0394ea51afe0b5d2eee8e15f4b9443b5', '543383f9ebe58', '', '', '', '', '', 0, 1412662265, 1412662266, 'UA', '', 'a:0:{}', 0, 55, 0, 1);

-- --------------------------------------------------------

--
-- Структура таблицы `ShopCategories`
--

CREATE TABLE IF NOT EXISTS `ShopCategories` (
  `Id` int(11) NOT NULL AUTO_INCREMENT,
  `Title` varchar(255) NOT NULL DEFAULT '',
  PRIMARY KEY (`Id`)
) ENGINE=MyISAM  DEFAULT CHARSET=utf8 AUTO_INCREMENT=14 ;

--
-- Дамп данных таблицы `ShopCategories`
--

INSERT INTO `ShopCategories` (`Id`, `Title`) VALUES
(9, 'Автотовары'),
(6, 'Спорт'),
(10, 'Для дома'),
(11, 'Техника'),
(12, 'Игрушки');

-- --------------------------------------------------------

--
-- Структура таблицы `ShopItems`
--

CREATE TABLE IF NOT EXISTS `ShopItems` (
  `Id` int(11) NOT NULL AUTO_INCREMENT,
  `Title` varchar(255) NOT NULL DEFAULT '',
  `Price` int(11) NOT NULL DEFAULT '0',
  `Quantity` int(11) NOT NULL DEFAULT '0',
  `Visible` tinyint(1) NOT NULL DEFAULT '0',
  `Image` varchar(50) NOT NULL DEFAULT '',
  `CategoryId` int(11) NOT NULL DEFAULT '0',
  PRIMARY KEY (`Id`),
  KEY `CategoryId_idx` (`CategoryId`)
) ENGINE=MyISAM  DEFAULT CHARSET=utf8 AUTO_INCREMENT=18 ;

--
-- Дамп данных таблицы `ShopItems`
--

INSERT INTO `ShopItems` (`Id`, `Title`, `Price`, `Quantity`, `Visible`, `Image`, `CategoryId`) VALUES
(14, 'Набор для Пинг-Понга', 13500, 0, 1, '542d3b8298180.jpg', 6),
(17, 'Garmin Nuvi 30', 120000, 0, 1, '54323ef9064d1.jpg', 9);

-- --------------------------------------------------------

--
-- Структура таблицы `SiteStaticTexts`
--

CREATE TABLE IF NOT EXISTS `SiteStaticTexts` (
  `Id` varchar(50) NOT NULL DEFAULT '',
  `Lang` varchar(2) NOT NULL DEFAULT 'UA',
  `Text` text,
  PRIMARY KEY (`Id`,`Lang`)
) ENGINE=MyISAM DEFAULT CHARSET=utf8;

--
-- Дамп данных таблицы `SiteStaticTexts`
--

INSERT INTO `SiteStaticTexts` (`Id`, `Lang`, `Text`) VALUES
('game-popup-fail', 'RU', 'game-popup-fail'),
('game-popup-fail', 'UA', 'game-popup-fail'),
('game-popup-win', 'RU', 'game-popup-win'),
('game-popup-win', 'UA', 'game-popup-win'),
('main-faq', 'RU', '<ul style="display: block;" class="faq"><li class="faq_li">\n                                    Почему мы не наебем\n                                    <p>Для того, чтобы сделать покупку, \nне нужно выходить из дому — заходите в наш магазин, выбирайте \nприглянувшийся товар и делайте заказ! Через короткое время курьерская \nслужба доставит его вам. Для того, чтобы сделать покупку, не нужно \nвыходить из дому — заходите в наш магазин, выбирайте!</p>\n                                </li><li class="faq_li">\n                                    Как лучше выводить бабло\n                                    <p>Для того, чтобы сделать покупку, \nне нужно выходить из дому — заходите в наш магазин, выбирайте \nприглянувшийся товар и делайте заказ! Через короткое время курьерская \nслужба доставит его вам. Для того, чтобы сделать покупку, не нужно \nвыходить из дому — заходите в наш магазин, выбирайте! Не нужно выходить \nиз дому — заходите в наш магазин, выбирайте приглянувшийся товар и \nделайте заказ! Через короткое время курьерская служба доставит его вам. \nДля того, чтобы сделать покупку, не нужно выходить из дому — заходите в \nнаш магазин, выбирайте!<br><br>• Приват 24,<br>• QIWI,<br>• Visa/MasterCard,<br>• WebMoney.</p>\n                                </li><li class="faq_li">\n                                    Кто на самом деле разрушил башни Всемирного торгового центра\n                                    <p>Для того, чтобы сделать покупку, \nне нужно выходить из дому — заходите в наш магазин, выбирайте \nприглянувшийся товар и делайте заказ! Через короткое время курьерская \nслужба доставит его вам. Для того, чтобы сделать покупку, не нужно \nвыходить из дому — заходите в наш магазин, выбирайте! Не нужно выходить \nиз дому — заходите в наш магазин, выбирайте приглянувшийся товар и \nделайте заказ! Через короткое время курьерская служба доставит его вам. \nДля того, чтобы сделать покупку, не нужно выходить из дому — заходите в \nнаш магазин, выбирайте!</p>\n                                </li><li class="faq_li">\n                                    Почему пираты Сомали не \nвыступили продюссерами фильма «Пираты карибскогоморя», что в свою \nочередь повлияло на название картины и ее выход в прокат\n                                    <p>Для того, чтобы сделать покупку, \nне нужно выходить из дому — заходите в наш магазин, выбирайте \nприглянувшийся товар и делайте заказ! Через короткое время курьерская \nслужба доставит его вам. Для того, чтобы сделать покупку, не нужно \nвыходить из дому — заходите в наш магазин, выбирайте! Не нужно выходить \nиз дому — заходите в наш магазин, выбирайте приглянувшийся товар и \nделайте заказ! Через короткое время курьерская служба доставит его вам. \nДля того, чтобы сделать покупку, не нужно выходить из дому — заходите в \nнаш магазин, выбирайте!</p>\n                                </li><li class="faq_li">\n                                    Когда Михаэль Шумахер выйдет из комы\n                                    <p>Для того, чтобы сделать покупку, \nне нужно выходить из дому — заходите в наш магазин, выбирайте \nприглянувшийся товар и делайте заказ! Через короткое время курьерская \nслужба доставит его вам. Для того, чтобы сделать покупку, не нужно \nвыходить из дому — заходите в наш магазин, выбирайте! Не нужно выходить \nиз дому — заходите в наш магазин, выбирайте приглянувшийся товар и \nделайте заказ! Через короткое время курьерская служба доставит его вам. \nДля того, чтобы сделать покупку, не нужно выходить из дому — заходите в \nнаш магазин, выбирайте!</p>\n                                </li><li class="faq_li">\n                                    Как и зачем Алиса пробралась в Зазеркалье\n                                    <p>Для того, чтобы сделать покупку, \nне нужно выходить из дому — заходите в наш магазин, выбирайте \nприглянувшийся товар и делайте заказ! Через короткое время курьерская \nслужба доставит его вам. <br><br> Для того, чтобы сделать покупку, не \nнужно выходить из дому — заходите в наш магазин, выбирайте! Не нужно \nвыходить из дому — заходите в наш магазин, выбирайте приглянувшийся \nтовар и делайте заказ! Через короткое время курьерская служба доставит \nего вам. Для того, чтобы сделать покупку, не нужно выходить из дому — \nзаходите в наш магазин, выбирайте! Для того, чтобы сделать покупку, не \nнужно выходить из дому — заходите в наш магазин, выбирайте \nприглянувшийся товар и делайте заказ! Через короткое время курьерская \nслужба доставит его вам. Для того, чтобы сделать покупку, не нужно \nвыходить из дому — заходите в наш магазин, выбирайте! Не нужно выходить \nиз дому — заходите в наш магазин, выбирайте приглянувшийся товар и \nделайте заказ! Через короткое время курьерская служба доставит его вам. \nДля того, чтобы сделать покупку, не нужно выходить из дому — заходите в \nнаш магазин, выбирайте!</p>\n                                </li></ul>'),
('main-faq', 'UA', '\n\n\n\n\n\n\n\n\n\n\n\n\n\n\n\n\n<p class="MsoNormal"><span style="font-weight: bold;">Термины:</span></p><p class="MsoNormal"></p><ol><li><span style="line-height: 1.42857143;">Игровой билет – это билет с игровым полем на 49 номеров. 6 номеров Вам необходимо заполнить.</span><br></li><li><span style="line-height: 1.42857143;">АВТО – комбинация, которая заполняется случайным образом. Обозначена буквой «А» на каждом игровом билете.</span><br></li><li><span style="line-height: 1.42857143;">Любимая комбинация – комбинация, которую игрок задает в своем кабинете. Например, любимые или фартовые цифры. В игровом билете обозначена сердечком.</span><br></li><li><span style="line-height: 1.42857143;">Баллы – внутренняя единица игры. Имеют накопительный характер и могут быть обменяны на ценные призы. Перечень призов представлен в разделе Призы.</span></li></ol><p class="MsoNormal"><span style="font-weight: bold;">Розыгрыш:</span></p><p class="MsoNormal">Импровизированный Лототрон выдает 6 призовых номеров.&nbsp;</p><p class="MsoNormal">По итогам игры Вы можете выиграть деньги или баллы.&nbsp;</p><p class="MsoNormal">О выигрыше Вы можете узнать сразу по окончании розыгрыша или в своем кабинете.</p><p class="MsoNormal">Выиграв деньги, поделитесь этой новостью с друзьями в социальных сетях и получите дополнительные баллы!</p><p class="MsoNormal"><span style="font-weight: bold;"><br></span></p><p class="MsoNormal" style="text-align: center; "><span style="font-weight: bold;">Вопрос / Ответ</span></p><p class="MsoNormal"><span style="font-weight: bold;">Почему бесплатно?</span></p>\n\n<p class="MsoNormal">Ресурс финансируется за счет размещаемой на нем рекламы.\nВаше присутствие делает его привлекательным для рекламодателя. Реклама приносит\nдоход и дает возможность сделать участие в игре бесплатной.</p><p class="MsoNormal"><span style="font-weight: bold;">Всегда будет\nбесплатно?</span></p><p class="MsoNormal"><span style="line-height: 1.42857143;">Да, это суть нашего ресурса.</span></p><p class="MsoNormal"><span style="font-weight: bold; line-height: 1.42857143;">Сколько раз можно\nучаствовать в «Розыгрыше»?</span><br></p>\n\n<p class="MsoNormal">Каждый день.</p>\n\n<p class="MsoNormal"><span style="font-weight: bold;">Что такое баллы и\nдля чего нужны?</span></p>\n\n<p class="MsoNormal">Внутренняя единица\nигры. Имеют накопительный характер и могут быть обменены на&nbsp; призы. Так же их можно тратить на игры из\nраздела «Шанс».</p>\n\n<p class="MsoNormal"><span style="font-weight: bold;">Как получить баллы?</span></p>\n\n<p class="MsoListParagraphCxSpFirst">1.&nbsp;&nbsp;&nbsp;&nbsp;\nУчаствовать\nв “Розыгрыше”</p>\n\n<p class="MsoListParagraphCxSpMiddle">2.&nbsp;&nbsp;&nbsp;&nbsp;\nПоделиться\nновостью о выигрыше в соцсети</p>\n\n<p class="MsoListParagraphCxSpMiddle">3.&nbsp;&nbsp;&nbsp;&nbsp;\nПригласить\nдруга</p>\n\n<p class="MsoListParagraphCxSpMiddle">4.&nbsp;&nbsp;&nbsp;&nbsp;\nВыиграть\nв «Моментальном шансе»</p>\n\n<p class="MsoListParagraphCxSpLast">5.&nbsp;&nbsp;&nbsp;&nbsp;\nВыиграть\nв разделе «Шанс»</p>\n\n<p class="MsoNormal"><span style="font-weight: bold;">Как обменять баллы?</span></p>\n\n<p class="MsoNormal">Обмен возможен в\nлюбой момент.</p>\n\n<p class="MsoNormal"><span style="font-weight: bold;">Что такое “Моментальный шанс”?</span></p>\n\n<p class="MsoNormal">Дополнительная возможность выиграть баллы. Появляются в промежутке 30-45 минут пребывания на сайте. </p>\n\n<p class="MsoNormal"><span style="font-weight: bold;">Что такое раздел «Шанс»?</span></p>\n\n<p class="MsoNormal">В этом разделе можно\nза небольшое количество баллов выиграть ценные призы и деньги</p>\n\n<p class="MsoNormal"><span style="font-weight: bold;">Почему я еще не\nполучил свой выигрыш или приз?</span></p>\n\n<p class="MsoNormal">Возможно прошло не достаточно времени после запроса. Можно<span style="line-height: 1.42857143;">&nbsp;выслать запрос на </span><span lang="EN-US" style="line-height: 1.42857143;">email </span><span style="line-height: 1.42857143;">info@lotzon.com</span></p>\n\n<p class="MsoNormal"><span style="font-weight: bold;">Для\nчего нужны мои личные данные?</span></p>\n\n<p class="MsoNormal">Для идентификации во время вывода денег и призов. Для Вашей\nи нашей безопасности.</p>\n\n<p class="MsoNormal"><span style="font-weight: bold;">Как поменять мои\nличные данные?</span></p>\n\n<p class="MsoNormal">В личном кабинете</p>\n\n<p class="MsoNormal"><span style="font-weight: bold;">Как вывести деньги?</span></p>\n\n<p class="MsoNormal">Нужно нажать кнопку\n«Вывести» в личном «кабинете» и\nследовать инструкции.<span style="font-family: ''Times New Roman''; font-size: 12pt; line-height: 107%;"></span></p>\n\n'),
('main-prizes', 'RU', 'текст над призами'),
('main-prizes', 'UA', 'текст над призами<br>'),
('main-rules', 'RU', '\n                                    \n                                        <p>Выиграть в этой игре очень \nпросто! Угадывайте цифры и получайте вознаграждения в виде денег и \nбаллов. Баллы можно накопить и обменять на ценные призы.</p>\n                                        <p>Вам необходимо всего лишь подключить интуицию и выбрать 6 цифр из 49.</p>\n                                        <p>Розыгрыш проводится ежедневно. Осталось проследить за его результатами и обрад оваться своему выигрышу!</p>\n                                        <p>Выигранные деньги и баллы плюсуются в личном кабинете. Денежные призы легко обналичить, а баллы обменять на призы.</p>\n                                    \n                                '),
('main-rules', 'UA', '\n\n\n\n\n\n\n\n\n\n\n\n\n\n\n\n\n<p class="MsoNormal">Принять участие в игре очень просто! Заполните игровой билет, выбрав 6\nномеров из 49. Таких билетов предоставляется пять, что увеличивает Ваши шансы\nна выигрыш! Заполняйте билеты в любом порядке. </p>\n\n<p class="MsoNormal"><span style="line-height: 1.42857143;">Розыгрыш проводится один раз в день в режиме онлайн. Билеты нужно\nзаполнить до истечения времени на таймере.</span><br></p>\n\n<p class="MsoNormal"><span style="line-height: 1.42857143;">Во время розыгрыша выпадает 6 призовых шариков. Вы выиграли, если\nугадали один и более призовых номеров.</span><br></p>\n\n<p class="MsoNormal">Если Вы угадали 6 номеров – Вы сорвали джекпот!<span style="font-family: Times; font-size: 12pt; line-height: 107%;"></span></p>\n\n'),
('prizes-order-popup', 'RU', 'prizes-order-popup'),
('prizes-order-popup', 'UA', '<span class="identifier">prizes-order-popup</span>'),
('prizes-popup-success', 'RU', 'Обмен будет произведен в течение суток. Приз будет выслан по указанному адресу.'),
('prizes-popup-success', 'UA', 'Обмен будет произведен в течение суток. Приз будет выслан по указанному адресу.'),
('prizes-popup-text', 'RU', 'текст на попапе призов'),
('prizes-popup-text', 'UA', 'текст на попапе призов<br>'),
('promo-comments', 'ru', 'Текст блока отзывы игроков'),
('promo-comments', 'ua', 'Текст блока отзывы игроков<br>'),
('promo-game-mechanic', 'ru', 'Играть легко и просто! А главное абсолютно бесплатно. Убедитесь в этом \nсами, ознакомившись с правилами игры представленными ниже.'),
('promo-game-mechanic', 'ua', 'Играть легко и просто! А главное абсолютно бесплатно. Убедитесь в этом \nсами, ознакомившись с правилами игры представленными ниже.'),
('promo-game-mechanic-1', 'ru', 'Игровая механика пункт 1'),
('promo-game-mechanic-1', 'ua', 'Игровая механика пункт 1<br>'),
('promo-game-mechanic-2', 'ru', 'promo-game-mechanic-2'),
('promo-game-mechanic-2', 'ua', 'promo-game-mechanic-2'),
('promo-game-mechanic-3', 'ru', 'promo-game-mechanic-3'),
('promo-game-mechanic-3', 'ua', 'promo-game-mechanic-3'),
('promo-game-mechanic-4', 'ru', 'promo-game-mechanic-4'),
('promo-game-mechanic-4', 'ua', 'promo-game-mechanic-4'),
('promo-login-rules', 'RU', '<p><span style="font-weight: bold;">1. Предоставление ограниченной пользовательской лицензии\n                                </span></p><p></p><p>В случае вашего согласия и при  \nусловии постоянного соблюдения вами данного Лицензионного соглашения \nкомпания Blizzard настоящим предоставляет, а вы настоящим принимаете \nограниченную, отзывную, не подлежащую передаче другим лицам, \nнеисключительную лицензию (а) на установку Игры на одном или более \nкомпьютерах, находящихся в вашей полноправной собственности или под \nвашим законным контролем; (b) на пользование Игрой посредством Услуги \nисключительно в некоммерческих развлекательных целях, которое \nрегулируется условиями, определенными ниже в Разделе 2.3; (с) для \nбесплатного создания и свободного распространения копий Игры среди \nдругих потенциальных пользователей в целях ее исключительного \nиспользования посредством Услуги. Любое использование Игры регулируется \nЛицензионным соглашением и Условиями пользования, которые конечный \nпользователь обязуется принять перед началом Игры. В случае противоречий\n между условиями настоящего Соглашения и Условиями пользования, \nнастоящее Соглашение имеет преимущественную силу над Условиями \nпользования.<br><br>бла бла бла<br></p><p></p>'),
('promo-login-rules', 'UA', '<p><span style="font-weight: bold;">1. Предоставление ограниченной пользовательской лицензии\n                                </span></p><p></p><p>В случае вашего согласия и при  \nусловии постоянного соблюдения вами данного Лицензионного соглашения \nкомпания Blizzard настоящим предоставляет, а вы настоящим принимаете \nограниченную, отзывную, не подлежащую передаче другим лицам, \nнеисключительную лицензию (а) на установку Игры на одном или более \nкомпьютерах, находящихся в вашей полноправной собственности или под \nвашим законным контролем; (b) на пользование Игрой посредством Услуги \nисключительно в некоммерческих развлекательных целях, которое \nрегулируется условиями, определенными ниже в Разделе 2.3; (с) для \nбесплатного создания и свободного распространения копий Игры среди \nдругих потенциальных пользователей в целях ее исключительного \nиспользования посредством Услуги. Любое использование Игры регулируется \nЛицензионным соглашением и Условиями пользования, которые конечный \nпользователь обязуется принять перед началом Игры. В случае противоречий\n между условиями настоящего Соглашения и Условиями пользования, \nнастоящее Соглашение имеет преимущественную силу над Условиями \nпользования.<br><br>бла бла бла<br></p><p></p>'),
('promo-partners', 'ru', 'Текст блока партнеры<br>'),
('promo-partners', 'ua', 'Текст блока партнеры<br>'),
('promo-top', 'RU', 'Увлекательное место где каждый может выиграть деньги и ценные призы.<br>Участие бесплатное за счет размещенной на сайте рекламы.'),
('promo-top', 'UA', '<p>Место где времяпрепровождения выходит за рамки привычного и каждый может выиграть деньги и ценные призы.</p><p><br>Участие бесплатное за счет размещенной на сайте рекламы.</p>'),
('promo-top-2', 'ru', '\n                            Каждый день у нас \nновые победители, которые выигрывают денежные и другие призы. Участие в \nрозыгрыше всегда будет бесплатным. Присоединяйтесь.'),
('promo-top-2', 'ua', '\n                            Каждый день у нас \nновые победители, которые выигрывают денежные и другие призы. Участие в \nрозыгрыше всегда будет бесплатным. Присоединяйтесь.'),
('tickets-complete-text', 'UA', 'Текст на результатах заполнения билетов<br>');

-- --------------------------------------------------------

--
-- Структура таблицы `SupportedCountries`
--

CREATE TABLE IF NOT EXISTS `SupportedCountries` (
  `CountryCode` varchar(2) NOT NULL DEFAULT '',
  `Title` varchar(30) NOT NULL DEFAULT '',
  `Enabled` tinyint(1) NOT NULL DEFAULT '1',
  `Lang` varchar(2) NOT NULL DEFAULT 'ru',
  `Position` int(11) NOT NULL AUTO_INCREMENT,
  PRIMARY KEY (`Position`,`CountryCode`)
) ENGINE=MyISAM  DEFAULT CHARSET=utf8 AUTO_INCREMENT=4 ;

--
-- Дамп данных таблицы `SupportedCountries`
--

INSERT INTO `SupportedCountries` (`CountryCode`, `Title`, `Enabled`, `Lang`, `Position`) VALUES
('UA', 'Украина', 1, 'ua', 1),
('RU', 'Россия', 1, 'ru', 2),
('BY', 'Белорусь', 1, 'ru', 3);

/*!40101 SET CHARACTER_SET_CLIENT=@OLD_CHARACTER_SET_CLIENT */;
/*!40101 SET CHARACTER_SET_RESULTS=@OLD_CHARACTER_SET_RESULTS */;
/*!40101 SET COLLATION_CONNECTION=@OLD_COLLATION_CONNECTION */;
